Access No,Title,Category
102005,Sequences And Series,Mathematics
123720,Principles of Real Analysis-3rd Edition,Mathematics
101243,Doctor Faustus,English
104398,Differential Equations and Applications,Mathematics
101997,Sequences And Series,Mathematics
99912,Koondum veliyum,Tamil
55391,Electricity and Magnetism,Physics
116916,Java The Complete Reference (Eighth Edition),Computer Science
116908,Java The Complete Reference (Eighth Edition),Computer Science
93060,Sequences and series and trigonometry,Mathematics
124426,The complete Reference - Java 2 (Fifth Edition),Computer Science
116913,Java The Complete Reference (Eighth Edition),Computer Science
107037,State Bank of India (Bank Clerks Exam),Competitive Exams
91921,The Complete Reference Java 2 (5th Edition),Computer Science
70737,Essentials of Animal Physiology,Zoology
104381,Sequences and Series,Mathematics
68133,Java 2 : The Complete Reference,Computer Science
104378,Sequences and Series,Mathematics
62561,Differential Equations and Applications,Mathematics
119104,Tnpsc Group -IV,Competitive Exams
102448,The Duchess of Malfi,General Knowledge/Self Help
98239,Calculus (Vol.3),Mathematics
71524,So Dharman Kathaikal,Tamil
122060,Calculus Vol-III,Mathematics
121659,Agni Siragugal,Tamil
68489,Electricity and Magnetism,Physics
116910,Java The Complete Reference (Eighth Edition),Computer Science
123970,The Complete Reference - JAVA 2-8th Edition,Computer Science
96864,Java 2 : The complete reference,Computer Science
105826,The complete reference Java 2 [5th Edition],Computer Science
28551,Vanchimanakaram,Tamil
85071,The complete reference HTML & XHTML,Computer Science
92962,The complete  sherlock  holmes novels and stories,English
39298,Animal Physiology,Zoology
130502,TNPSC Group IV & VAO Exam,Competitive Exams
74488,Fundamentals Of Mathematical Statistics,Mathematics
80256,Electricity And Magnetism,Physics
102008,Sequences And Series,Mathematics
64975,Sequences and Series,Mathematics
80259,Electricity And Magnetism,Physics
121793,Suttuviral,Tamil
121796,Aalapanai,Tamil
44620,College Botany,Botany
102155,Animal Physiology,Zoology
63268,Essentials of Animal Physiology,Zoology
75995,Animal Physiology,Zoology
95207,Java 2 (The Complete Reference),Computer Science
123971,The Complete Reference - JAVA 2-8th Edition,Computer Science
130526,The 5 AM Club,General Knowledge/Self Help
92964,The complete sherlock holmes novels and stories,English
112528,Cell Biology-8th Revised Edition,Biology
112526,Cell Biology-8th Revised Edition,Biology
102010,Sequences And Series,Mathematics
101975,Differential Equations And Applications,Mathematics
93060,Sequences and series and trigonometry,Mathematics
116907,Java The Complete Reference (Eighth Edition),Computer Science
116914,Java The Complete Reference (Eighth Edition),Computer Science
124426,The complete Reference - Java 2 (Fifth Edition),Computer Science
116910,Java The Complete Reference (Eighth Edition),Computer Science
123970,The Complete Reference - JAVA 2-8th Edition,Computer Science
124428,The complete Reference - Java 2 (Fifth Edition),Computer Science
104383,Sequences and Series,Mathematics
29709,Fundamendal Mathematical Statistics,Mathematics
102004,Sequences And Series,Mathematics
123969,The Complete Reference - JAVA 2-8th Edition,Computer Science
104381,Sequences and Series,Mathematics
102005,Sequences And Series,Mathematics
39298,Animal Physiology,Zoology
39298,Animal Physiology,Zoology
80898,Animal Physiology,Zoology
71203,An Introduction to Immunology,Zoology
102009,Sequences And Series,Mathematics
107025,CRPF Constables (General Duty),Competitive Exams
130571,TNUSRB Kaval Sarpu Ayivallar Thervoo,Competitive Exams
107631,Quantitative aptitude for the CA common proficiency test,Competitive Exams
107269,Quantum Cat,Physics
74488,Fundamentals Of Mathematical Statistics,Mathematics
101970,Differential Equations And Applications,Mathematics
76482,Java  The  Complete Reference J2SE 5 Edition,Computer Science
111775,The Complete Reference Java 2 (5th Edition),Computer Science
119845,Animal Physiology,Zoology
104405,Differential Equations and Applications,Mathematics
98253,Calculus (Vol.3),Mathematics
102001,Sequences And Series,Mathematics
102005,Sequences And Series,Mathematics
124427,The complete Reference - Java 2 (Fifth Edition),Computer Science
104387,Sequences and Series,Mathematics
93472,CA Digest Questions and Answers in Statistics for CA Pe-I,Mathematics
130632,Higher Secondary First Year Geography,Geography
116913,Java The Complete Reference (Eighth Edition),Computer Science
116398,The Complete Reference Java 2-5th Edition,Computer Science
116909,Java The Complete Reference (Eighth Edition),Computer Science
116915,Java The Complete Reference (Eighth Edition),Computer Science
70664,Animal Physiology,Zoology
42338,Text Book of Botany,Botany
42338,Text Book of Botany,Botany
119846,Animal Physiology,Zoology
78935,The Complete Reference - JAVA 2 ( Fifth Edition),Computer Science
68133,Java 2 : The Complete Reference,Computer Science
98145,A text book of animal physiology,Zoology
103562,Botany for degree students bryophyta,Botany
105827,The complete reference Java 2 [5th Edition],Computer Science
64975,Sequences and Series,Mathematics
93243,Fundamentals of Mathematical Statistics,Mathematics
86241,Sequences and Series,Mathematics
107158,Fundamentals of Mathematical Statistics,Mathematics
113667,"Partial Differencial Equations Methods, Applications and Theories",Mathematics
116571,Sacred Games,English
119700,Sequences and Series,Mathematics
104384,Sequences and Series,Mathematics
86239,Sequences and Series,Mathematics
104386,Sequences and Series,Mathematics
130561,SSC Multi Tasking Staff (Non-Technical) Havaldar (CBIC & CBN),Competitive Exams
118513,Nannool : Eluthathigaram,Tamil
86699,Sequences and Series And Fourier Series,Mathematics
125983,TNPSC Group-IV & VAO Combined Civil Services Examination-4,Competitive Exams
118223,TNPSC Group-II-A CCS-II Tamil,Competitive Exams
98241,Calculus (Vol.3),Mathematics
64975,Sequences and Series,Mathematics
104382,Sequences and Series,Mathematics
55391,Electricity and Magnetism,Physics
125941,Ponniein Selvan Part II,Tamil
111216,The Complete Reference Java 2 (5th edition),Computer Science
113477,A Modern Approach to Verbal & Non-Verbal Reasoning,Competitive Exams
116400,The Complete Reference Java 2-5th Edition,Computer Science
102008,Sequences And Series,Mathematics
105826,The complete reference Java 2 [5th Edition],Computer Science
118510,Nannool : Eluthathigaram,Tamil
98240,Calculus (Vol.3),Mathematics
80993,Bryophyta-Part-III,Botany
125339,"Pteridophyta, Gymnospermae And Monocotyledones",Botany
38105,Essentials of Animal Physiology.,Zoology
95630,Principles of inorganic chemistry,Chemistry
80259,Electricity And Magnetism,Physics
101999,Sequences And Series,Mathematics
104378,Sequences and Series,Mathematics
123971,The Complete Reference - JAVA 2-8th Edition,Computer Science
95207,Java 2 (The Complete Reference),Computer Science
124426,The complete Reference - Java 2 (Fifth Edition),Computer Science
123970,The Complete Reference - JAVA 2-8th Edition,Computer Science
72311,John Webster The Duchess of Malfi,Computer Science
72307,John Webster The Duchess of Malfi,Computer Science
70737,Essentials of Animal Physiology,Zoology
102448,The Duchess of Malfi,General Knowledge/Self Help
96566,Errors in English Grammar & Usage,English
120320,Tamilnadu Police Sub Inspector Men/Women Examination-Tamil,Competitive Exams
93668,Thermal Physics (Heat and thermodynamics ),Mathematics
34526,Animal Physiology and Ecology,Zoology
118224,A Modern Approach to Verbal & Non-Verbal Reasoning,Competitive Exams
106743,A Modern Approach to Verbal & Non-verbal Reasoning,Competitive Exams
121250,To Kill A Mockingbird,English
117972,A Modern Approach To Verbal & Non-Verbal  Reasoning,Competitive Exams
127259,Quantitative Aptitude for Competitive Examinations,Competitive Exams
130576,Quantitative Aptitude,Competitive Exams
109600,Calculus Volume I,Mathematics
102000,Sequences And Series,Mathematics
39298,Animal Physiology,Zoology
116910,Java The Complete Reference (Eighth Edition),Computer Science
116914,Java The Complete Reference (Eighth Edition),Computer Science
127275,Thulasi Maadam,Tamil
112526,Cell Biology-8th Revised Edition,Biology
112528,Cell Biology-8th Revised Edition,Biology
80898,Animal Physiology,Zoology
101975,Differential Equations And Applications,Mathematics
102010,Sequences And Series,Mathematics
93060,Sequences and series and trigonometry,Mathematics
104383,Sequences and Series,Mathematics
29709,Fundamendal Mathematical Statistics,Mathematics
121675,Quantitative Aptitude,Competitive Exams
130575,Quantitative Aptitude,Competitive Exams
125306,Staff Selection Commision Tier-2&3 Exam Goalpost Solved Papers & Practice Tests,Competitive Exams
93472,CA Digest Questions and Answers in Statistics for CA Pe-I,Mathematics
104387,Sequences and Series,Mathematics
102009,Sequences And Series,Mathematics
130571,TNUSRB Kaval Sarpu Ayivallar Thervoo,Competitive Exams
107025,CRPF Constables (General Duty),Competitive Exams
74488,Fundamentals Of Mathematical Statistics,Mathematics
101970,Differential Equations And Applications,Mathematics
80894,Animal Physiology,Zoology
54823,College Botany,Botany
92964,The complete sherlock holmes novels and stories,English
130526,The 5 AM Club,General Knowledge/Self Help
111775,The Complete Reference Java 2 (5th Edition),Computer Science
119845,Animal Physiology,Zoology
38561,Essential Of Animal Physiology.,Zoology
39298,Animal Physiology,Zoology
119843,Animal Physiology,Zoology
124428,The complete Reference - Java 2 (Fifth Edition),Computer Science
95155,The Complete Reference Java 2 (5th Edition),Computer Science
104380,Sequences and Series,Mathematics
95632,Principles of inorganic chemistry,Chemistry
110754,Arthur Miller : All My Sons,English
119762,Electricity And Magnetism,Physics
70665,Animal Physiology,Zoology
102004,Sequences And Series,Mathematics
104381,Sequences and Series,Mathematics
102005,Sequences And Series,Mathematics
70732,Essentials of Animal Physiology,Zoology
33298,Essentials of Animal Physiology,Zoology
111213,Java 2 : The Complete Reference (5th edition),Computer Science
106744,A Modern Approach to Verbal & Non-verbal Reasoning,Competitive Exams
97667,Verbal & Non verbal resoning,Competitive Exams
80256,Electricity And Magnetism,Physics
102004,Sequences And Series,Mathematics
104381,Sequences and Series,Mathematics
86240,Sequences and Series,Mathematics
102001,Sequences And Series,Mathematics
98253,Calculus (Vol.3),Mathematics
101997,Sequences And Series,Mathematics
122060,Calculus Vol-III,Mathematics
62561,Differential Equations and Applications,Mathematics
93243,Fundamentals of Mathematical Statistics,Mathematics
104398,Differential Equations and Applications,Mathematics
116913,Java The Complete Reference (Eighth Edition),Computer Science
119843,Animal Physiology,Zoology
90087,Differential Equations and Applications,Mathematics
104405,Differential Equations and Applications,Mathematics
83198,Calculus,Mathematics
64975,Sequences and Series,Mathematics
101998,Sequences And Series,Mathematics
120302,RBI Recruitment for the Post of Assistant Preliminary EXamination,Competitive Exams
117951,TNPSC Group-II-A CCS-II Tamil,Competitive Exams
70664,Animal Physiology,Zoology
42355,Text Book of Botany Bryophyta,Botany
105827,The complete reference Java 2 [5th Edition],Computer Science
113667,"Partial Differencial Equations Methods, Applications and Theories",Mathematics
98241,Calculus (Vol.3),Mathematics
98239,Calculus (Vol.3),Mathematics
104378,Sequences and Series,Mathematics
119846,Animal Physiology,Zoology
42338,Text Book of Botany,Botany
124427,The complete Reference - Java 2 (Fifth Edition),Computer Science
104382,Sequences and Series,Mathematics
105289,The Complete Reference Java2(Vth Edition),Computer Science
112199,Quantitative aptitude (fully Solved),Competitive Exams
72313,John Webster The Duchess of Malfi,Computer Science
51463,College Botany,Botany
70658,Animal Physiology,Zoology
80895,Animal Physiology,Zoology
99033,Fundamentals of mathematical statistics,Mathematics
105826,The complete reference Java 2 [5th Edition],Computer Science
107158,Fundamentals of Mathematical Statistics,Mathematics
108780,Periyapuranam,Tamil
86241,Sequences and Series,Mathematics
121250,To Kill A Mockingbird,English
109227,The Crucible,English
123971,The Complete Reference - JAVA 2-8th Edition,Computer Science
118799,Labour Legislations For III Semester MBA Students,BBA/Commerce
118906,King's Labour Legislation,BBA/Commerce
124426,The complete Reference - Java 2 (Fifth Edition),Computer Science
123970,The Complete Reference - JAVA 2-8th Edition,Computer Science
116910,Java The Complete Reference (Eighth Edition),Computer Science
87071,The Complete Reference - JAVA 2 ( Fifth Edition),Computer Science
115033,The complete Reference - Java 2 (Fifth Edition),Computer Science
78935,The Complete Reference - JAVA 2 ( Fifth Edition),Computer Science
80993,Bryophyta-Part-III,Botany
80901,Animal Physiology,Zoology
76482,Java  The  Complete Reference J2SE 5 Edition,Computer Science
68720,Fundamendals of Mathematical Statistics,Mathematics
95630,Principles of inorganic chemistry,Chemistry
112532,Toxicology Principles and Methods,Zoology
101999,Sequences And Series,Mathematics
102010,Sequences And Series,Mathematics
101975,Differential Equations And Applications,Mathematics
68133,Java 2 : The Complete Reference,Computer Science
92160,Textbook of Inorganic Chemistry,Chemistry
80516,Nannool : Eluthathigaram,Tamil
109919,Naannool Sollathikaram,Tamil
125307,Staff Selection Commision Tier-2&3 Exam Goalpost Solved Papers & Practice Tests,Competitive Exams
109600,Calculus Volume I,Mathematics
86699,Sequences and Series And Fourier Series,Mathematics
98240,Calculus (Vol.3),Mathematics
55391,Electricity and Magnetism,Physics
121659,Agni Siragugal,Tamil
102000,Sequences And Series,Mathematics
106758,Complete study package for SBI clerk grade examination,Competitive Exams
118224,A Modern Approach to Verbal & Non-Verbal Reasoning,Competitive Exams
106743,A Modern Approach to Verbal & Non-verbal Reasoning,Competitive Exams
70737,Essentials of Animal Physiology,Zoology
95207,Java 2 (The Complete Reference),Computer Science
124428,The complete Reference - Java 2 (Fifth Edition),Computer Science
93472,CA Digest Questions and Answers in Statistics for CA Pe-I,Mathematics
117916,Allied Physics Paper-I & II,Physics
104387,Sequences and Series,Mathematics
91921,The Complete Reference Java 2 (5th Edition),Computer Science
116571,Sacred Games,English
112750,Business Laws,BBA/Commerce
91724,Thanneer Thaisam,Tamil
80256,Electricity And Magnetism,Physics
80259,Electricity And Magnetism,Physics
95669,Electricity and magnetism,Physics
130567,UPSC General Studies Paper-I 1987-2022,Competitive Exams
116400,The Complete Reference Java 2-5th Edition,Computer Science
116400,The Complete Reference Java 2-5th Edition,Computer Science
93060,Sequences and series and trigonometry,Mathematics
130561,SSC Multi Tasking Staff (Non-Technical) Havaldar (CBIC & CBN),Competitive Exams
104384,Sequences and Series,Mathematics
118481,Nannool : Solathigaram Kaandikaiurai,Tamil
125997,Bank PO Quantitative Aptitude,Competitive Exams
105480,Complete Study Package SBI  Clerk Grade Examination,Competitive Exams
104386,Sequences and Series,Mathematics
119700,Sequences and Series,Mathematics
99034,Fundamentals of mathematical statistics,Mathematics
74488,Fundamentals Of Mathematical Statistics,Mathematics
101970,Differential Equations And Applications,Mathematics
34526,Animal Physiology and Ecology,Zoology
102448,The Duchess of Malfi,General Knowledge/Self Help
72315,John Webster The Duchess of Malfi,Computer Science
120385,Ever Latest General Knowledge with Latest Data and Facts,General Knowledge/Self Help
116914,Java The Complete Reference (Eighth Edition),Computer Science
102007,Sequences And Series,Mathematics
86241,Sequences and Series,Mathematics
93243,Fundamentals of Mathematical Statistics,Mathematics
82568,Fundamentals of Mathematical Statistics,Mathematics
72311,John Webster The Duchess of Malfi,Computer Science
102009,Sequences And Series,Mathematics
130571,TNUSRB Kaval Sarpu Ayivallar Thervoo,Competitive Exams
104383,Sequences and Series,Mathematics
29709,Fundamendal Mathematical Statistics,Mathematics
99807,kamba Ramayanam Bala kandam Uraiyudan (part 1),Tamil
116401,The Complete Reference Java 2-5th Edition,Computer Science
95155,The Complete Reference Java 2 (5th Edition),Computer Science
111775,The Complete Reference Java 2 (5th Edition),Computer Science
125941,Ponniein Selvan Part II,Tamil
102004,Sequences And Series,Mathematics
104381,Sequences and Series,Mathematics
102005,Sequences And Series,Mathematics
117130,The Diary Of a Young Girl,English
131031,The Making of a Value Investor,General Knowledge/Self Help
130526,The 5 AM Club,General Knowledge/Self Help
95991,Electricity and magnetism,Physics
107060,SSC Combined Preliminary Examination(Matric Level),Competitive Exams
130574,Quantitative Aptitude,Competitive Exams
119762,Electricity And Magnetism,Physics
104398,Differential Equations and Applications,Mathematics
92964,The complete sherlock holmes novels and stories,English
68489,Electricity and Magnetism,Physics
121516,Electricity and Magnetism,Physics
119845,Animal Physiology,Zoology
106744,A Modern Approach to Verbal & Non-verbal Reasoning,Competitive Exams
120320,Tamilnadu Police Sub Inspector Men/Women Examination-Tamil,Competitive Exams
88391,Marmakkathaigal,Tamil
95632,Principles of inorganic chemistry,Chemistry
65157,Yavana Rani,Tamil
72308,John Webster The Duchess of Malfi,Computer Science
72308,John Webster The Duchess of Malfi,Computer Science
119846,Animal Physiology,Zoology
42338,Text Book of Botany,Botany
95991,Electricity and magnetism,Physics
112199,Quantitative aptitude (fully Solved),Competitive Exams
70664,Animal Physiology,Zoology
105827,The complete reference Java 2 [5th Edition],Computer Science
124427,The complete Reference - Java 2 (Fifth Edition),Computer Science
26399,Fundamentals of Mathematical Statistcis,Mathematics
104380,Sequences and Series,Mathematics
121675,Quantitative Aptitude,Competitive Exams
118759,Introduction to Electrodynamics-4th Edition,Mathematics
107158,Fundamentals of Mathematical Statistics,Mathematics
113667,"Partial Differencial Equations Methods, Applications and Theories",Mathematics
111213,Java 2 : The Complete Reference (5th edition),Computer Science
116907,Java The Complete Reference (Eighth Edition),Computer Science
82922,Programing With Java Primer,Computer Science
130522,The Psychology of Money,General Knowledge/Self Help
104382,Sequences and Series,Mathematics
98239,Calculus (Vol.3),Mathematics
104378,Sequences and Series,Mathematics
104405,Differential Equations and Applications,Mathematics
114956,Quantitative aptitude (fully Solved),Competitive Exams
118514,Nannool : Eluthathigaram,Tamil
130945,The Quick And Easy Way to Effective Speaking,General Knowledge/Self Help
98253,Calculus (Vol.3),Mathematics
102001,Sequences And Series,Mathematics
64975,Sequences and Series,Mathematics
99033,Fundamentals of mathematical statistics,Mathematics
102010,Sequences And Series,Mathematics
101975,Differential Equations And Applications,Mathematics
102000,Sequences And Series,Mathematics
115878,SSC Combined Graduate Level (TIER I) Examination Practice Workbook,Competitive Exams
49917,All my Sons,English
44169,Ernest Hemingway,English
111305,S S C CombinedGraduate Level Examinations-2012,Competitive Exams
29193,Podhu Arivup Pettagam,General Knowledge/Self Help
117916,Allied Physics Paper-I & II,Physics
93243,Fundamentals of Mathematical Statistics,Mathematics
104387,Sequences and Series,Mathematics
93472,CA Digest Questions and Answers in Statistics for CA Pe-I,Mathematics
82568,Fundamentals of Mathematical Statistics,Mathematics
107149,A Modern Approach to Verbal & Non-Verbal Reasoning,Competitive Exams
95630,Principles of inorganic chemistry,Chemistry
116400,The Complete Reference Java 2-5th Edition,Computer Science
125997,Bank PO Quantitative Aptitude,Competitive Exams
109919,Naannool Sollathikaram,Tamil
88391,Marmakkathaigal,Tamil
102009,Sequences And Series,Mathematics
86243,Sequences and Series,Mathematics
101970,Differential Equations And Applications,Mathematics
74488,Fundamentals Of Mathematical Statistics,Mathematics
109600,Calculus Volume I,Mathematics
99034,Fundamentals of mathematical statistics,Mathematics
119603,Essentials of Nuclear Chemistry,Physics
114137,Modern Inorganic Chemistry,Chemistry
72315,John Webster The Duchess of Malfi,Computer Science
110754,Arthur Miller : All My Sons,English
123971,The Complete Reference - JAVA 2-8th Edition,Computer Science
76482,Java  The  Complete Reference J2SE 5 Edition,Computer Science
104381,Sequences and Series,Mathematics
101999,Sequences And Series,Mathematics
102005,Sequences And Series,Mathematics
92160,Textbook of Inorganic Chemistry,Chemistry
68133,Java 2 : The Complete Reference,Computer Science
102004,Sequences And Series,Mathematics
124428,The complete Reference - Java 2 (Fifth Edition),Computer Science
72313,John Webster The Duchess of Malfi,Computer Science
130526,The 5 AM Club,General Knowledge/Self Help
104383,Sequences and Series,Mathematics
29709,Fundamendal Mathematical Statistics,Mathematics
118224,A Modern Approach to Verbal & Non-Verbal Reasoning,Competitive Exams
118481,Nannool : Solathigaram Kaandikaiurai,Tamil
105480,Complete Study Package SBI  Clerk Grade Examination,Competitive Exams
104384,Sequences and Series,Mathematics
104386,Sequences and Series,Mathematics
86699,Sequences and Series And Fourier Series,Mathematics
98240,Calculus (Vol.3),Mathematics
114955,Quantitative aptitude (fully Solved),Competitive Exams
92964,The complete sherlock holmes novels and stories,English
97749,Objective english for competitive examinations,Competitive Exams
120385,Ever Latest General Knowledge with Latest Data and Facts,General Knowledge/Self Help
105827,The complete reference Java 2 [5th Edition],Computer Science
69787,Vantharkal Ventrarkal,Tamil
27841,All my Sons,English
81119,Contemporary English Grammar Structures and Composition,English
21216,Sulamani,Tamil
121250,To Kill A Mockingbird,English
116914,Java The Complete Reference (Eighth Edition),Computer Science
95991,Electricity and magnetism,Physics
116907,Java The Complete Reference (Eighth Edition),Computer Science
82922,Programing With Java Primer,Computer Science
101726,Electricity And Magnetism,Physics
106758,Complete study package for SBI clerk grade examination,Competitive Exams
106758,Complete study package for SBI clerk grade examination,Competitive Exams
130575,Quantitative Aptitude,Competitive Exams
80259,Electricity And Magnetism,Physics
87816,A Modern Approaching Verbal & Non Verbal Reasoning,Competitive Exams
112199,Quantitative aptitude (fully Solved),Competitive Exams
104405,Differential Equations and Applications,Mathematics
98253,Calculus (Vol.3),Mathematics
102001,Sequences And Series,Mathematics
104378,Sequences and Series,Mathematics
98241,Calculus (Vol.3),Mathematics
98239,Calculus (Vol.3),Mathematics
104382,Sequences and Series,Mathematics
114921,Quantitative aptitude (fully Solved),Competitive Exams
93060,Sequences and series and trigonometry,Mathematics
113667,"Partial Differencial Equations Methods, Applications and Theories",Mathematics
130522,The Psychology of Money,General Knowledge/Self Help
119845,Animal Physiology,Zoology
72311,John Webster The Duchess of Malfi,Computer Science
124426,The complete Reference - Java 2 (Fifth Edition),Computer Science
65157,Yavana Rani,Tamil
119843,Animal Physiology,Zoology
123970,The Complete Reference - JAVA 2-8th Edition,Computer Science
121675,Quantitative Aptitude,Competitive Exams
104380,Sequences and Series,Mathematics
26399,Fundamentals of Mathematical Statistcis,Mathematics
119700,Sequences and Series,Mathematics
19657,Friends and Neighbors,English
105826,The complete reference Java 2 [5th Edition],Computer Science
102007,Sequences And Series,Mathematics
104387,Sequences and Series,Mathematics
93472,CA Digest Questions and Answers in Statistics for CA Pe-I,Mathematics
109919,Naannool Sollathikaram,Tamil
107056,"Railway Recruitment Board,Assistant Loco Pilot Exams",Competitive Exams
119843,Animal Physiology,Zoology
116913,Java The Complete Reference (Eighth Edition),Computer Science
107158,Fundamentals of Mathematical Statistics,Mathematics
119762,Electricity And Magnetism,Physics
117971,Quantitative Aptitude for Competitive  Exam,Competitive Exams
117916,Allied Physics Paper-I & II,Physics
93243,Fundamentals of Mathematical Statistics,Mathematics
111775,The Complete Reference Java 2 (5th Edition),Computer Science
116401,The Complete Reference Java 2-5th Edition,Computer Science
93382,A Modern Approach to Verbal & Non Verbal Reasoning,Competitive Exams
95630,Principles of inorganic chemistry,Chemistry
86241,Sequences and Series,Mathematics
95207,Java 2 (The Complete Reference),Computer Science
95632,Principles of inorganic chemistry,Chemistry
119846,Animal Physiology,Zoology
42338,Text Book of Botany,Botany
78935,The Complete Reference - JAVA 2 ( Fifth Edition),Computer Science
70664,Animal Physiology,Zoology
80993,Bryophyta-Part-III,Botany
99033,Fundamentals of mathematical statistics,Mathematics
82568,Fundamentals of Mathematical Statistics,Mathematics
124427,The complete Reference - Java 2 (Fifth Edition),Computer Science
111771,The Complete Reference Java 2 (9th Edition),Computer Science
111213,Java 2 : The Complete Reference (5th edition),Computer Science
101998,Sequences And Series,Mathematics
118759,Introduction to Electrodynamics-4th Edition,Mathematics
92964,The complete sherlock holmes novels and stories,English
130526,The 5 AM Club,General Knowledge/Self Help
72273,Stories of Nowadays,English
122016,Indhiyarkalin Aangila Sirukathaigal,Tamil
72260,Stories of Nowadays,English
116400,The Complete Reference Java 2-5th Edition,Computer Science
91921,The Complete Reference Java 2 (5th Edition),Computer Science
116131,Death of a Salesman,General Knowledge/Self Help
88117,Maarungal Vetri Perungal,Tamil
88117,Maarungal Vetri Perungal,Tamil
118481,Nannool : Solathigaram Kaandikaiurai,Tamil
86243,Sequences and Series,Mathematics
109600,Calculus Volume I,Mathematics
101970,Differential Equations And Applications,Mathematics
74488,Fundamentals Of Mathematical Statistics,Mathematics
104398,Differential Equations and Applications,Mathematics
115033,The complete Reference - Java 2 (Fifth Edition),Computer Science
116910,Java The Complete Reference (Eighth Edition),Computer Science
130297,Kalla Votu,Tamil
122994,Milagaay Metti,Tamil
109919,Naannool Sollathikaram,Tamil
121516,Electricity and Magnetism,Physics
122965,Engayum Eppothum ...,Tamil
73398,mazhai,Tamil
70298,Athaiyum Thandi,Tamil
94870,Tamilnattuk Kathaikal,Tamil
74549,Varisu,Tamil
93944,Irulthee,Tamil
122963,Puthumaipithan puthumaikathaigal,Tamil
127281,Amarar Kalki-in-Sirukathigal-I,Tamil
118514,Nannool : Eluthathigaram,Tamil
115185,Sivagasinthamani Part-2,Tamil
77498,Kuthiraikku Vaikkol,Tamil
91669,Olai Keetru,Tamil
64975,Sequences and Series,Mathematics
104378,Sequences and Series,Mathematics
98239,Calculus (Vol.3),Mathematics
116907,Java The Complete Reference (Eighth Edition),Computer Science
123971,The Complete Reference - JAVA 2-8th Edition,Computer Science
91724,Thanneer Thaisam,Tamil
96542,Narippal,Tamil
65190,Pulvellip Payanankkal,Tamil
99034,Fundamentals of mathematical statistics,Mathematics
101975,Differential Equations And Applications,Mathematics
102010,Sequences And Series,Mathematics
74543,Theneer Idaivelai,Tamil
91639,Naan Kolai Ceyyum Pankal,Tamil
89744,Nellaish Sirukathaikal,Tamil
99265,Tamilsamoogathil vaimolikadhakal,Tamil
124428,The complete Reference - Java 2 (Fifth Edition),Computer Science
118224,A Modern Approach to Verbal & Non-Verbal Reasoning,Competitive Exams
107158,Fundamentals of Mathematical Statistics,Mathematics
130561,SSC Multi Tasking Staff (Non-Technical) Havaldar (CBIC & CBN),Competitive Exams
86239,Sequences and Series,Mathematics
130576,Quantitative Aptitude,Competitive Exams
125302,Soleved Peperd and Practice Tests for SSC MTS Exam,Competitive Exams
104383,Sequences and Series,Mathematics
29709,Fundamendal Mathematical Statistics,Mathematics
100859,Thernththedutha Kadaigal,Tamil
67724,Selected Stories,English
101999,Sequences And Series,Mathematics
104384,Sequences and Series,Mathematics
102000,Sequences And Series,Mathematics
93060,Sequences and series and trigonometry,Mathematics
114955,Quantitative aptitude (fully Solved),Competitive Exams
107064,SSC Combined Preliminary Examination(Matric Level),Competitive Exams
125301,Quantitative Aptitude Exam Goalpost for Banking Exams,Competitive Exams
104387,Sequences and Series,Mathematics
116113,Vogel's Qualitative Inorganic Analysis,Mathematics
124428,The complete Reference - Java 2 (Fifth Edition),Computer Science
116907,Java The Complete Reference (Eighth Edition),Computer Science
101468,Programming With Java,Computer Science
102004,Sequences And Series,Mathematics
123970,The Complete Reference - JAVA 2-8th Edition,Computer Science
105827,The complete reference Java 2 [5th Edition],Computer Science
124426,The complete Reference - Java 2 (Fifth Edition),Computer Science
116910,Java The Complete Reference (Eighth Edition),Computer Science
119843,Animal Physiology,Zoology
95155,The Complete Reference Java 2 (5th Edition),Computer Science
76482,Java  The  Complete Reference J2SE 5 Edition,Computer Science
111775,The Complete Reference Java 2 (5th Edition),Computer Science
95991,Electricity and magnetism,Physics
92816,The Complete Reference - JAVA 2 ( Fifth Edition),Computer Science
102799,The Complete Reference Java 2 (5th edition),Computer Science
87071,The Complete Reference - JAVA 2 ( Fifth Edition),Computer Science
122100,A Modern Approach To Verbal & Non-Verbal  Reasoning,Competitive Exams
119845,Animal Physiology,Zoology
112528,Cell Biology-8th Revised Edition,Biology
112527,Cell Biology-8th Revised Edition,Biology
39298,Animal Physiology,Zoology
91921,The Complete Reference Java 2 (5th Edition),Computer Science
98241,Calculus (Vol.3),Mathematics
104382,Sequences and Series,Mathematics
95669,Electricity and magnetism,Physics
78719,Electricity And Magnetism,Physics
78719,Electricity And Magnetism,Physics
119762,Electricity And Magnetism,Physics
80256,Electricity And Magnetism,Physics
71614,Artificial Intelligence,Data Science
120385,Ever Latest General Knowledge with Latest Data and Facts,General Knowledge/Self Help
54824,College Botany Vol II,Botany
93243,Fundamentals of Mathematical Statistics,Mathematics
117916,Allied Physics Paper-I & II,Physics
102001,Sequences And Series,Mathematics
104405,Differential Equations and Applications,Mathematics
98253,Calculus (Vol.3),Mathematics
109600,Calculus Volume I,Mathematics
98240,Calculus (Vol.3),Mathematics
117971,Quantitative Aptitude for Competitive  Exam,Competitive Exams
86699,Sequences and Series And Fourier Series,Mathematics
121675,Quantitative Aptitude,Competitive Exams
122099,A Modern Approach To Verbal & Non-Verbal  Reasoning,Competitive Exams
116914,Java The Complete Reference (Eighth Edition),Computer Science
106744,A Modern Approach to Verbal & Non-verbal Reasoning,Competitive Exams
96904,A modern approach to verbal and nonverbal reasoning,Competitive Exams
87816,A Modern Approaching Verbal & Non Verbal Reasoning,Competitive Exams
97667,Verbal & Non verbal resoning,Competitive Exams
122098,A Modern Approach To Verbal & Non-Verbal  Reasoning,Competitive Exams
130522,The Psychology of Money,General Knowledge/Self Help
101970,Differential Equations And Applications,Mathematics
114921,Quantitative aptitude (fully Solved),Competitive Exams
84870,A Modern Approach to Verbal & Non-Verbal Reasoning,Competitive Exams
70664,Animal Physiology,Zoology
80993,Bryophyta-Part-III,Botany
39298,Animal Physiology,Zoology
70659,Animal Physiology,Zoology
112526,Cell Biology-8th Revised Edition,Biology
99033,Fundamentals of mathematical statistics,Mathematics
26399,Fundamentals of Mathematical Statistcis,Mathematics
104380,Sequences and Series,Mathematics
82568,Fundamentals of Mathematical Statistics,Mathematics
114144,Modern Inorganic Chemistry,Chemistry
68489,Electricity and Magnetism,Physics
95630,Principles of inorganic chemistry,Chemistry
116913,Java The Complete Reference (Eighth Edition),Computer Science
119058,The Miracles of your Mind,General Knowledge/Self Help
72273,Stories of Nowadays,English
114875,Interpreter of maladies stories,English
72260,Stories of Nowadays,English
122016,Indhiyarkalin Aangila Sirukathaigal,Tamil
76647,Ku.Pa Rajagopalan Sirukathaikal,Tamil
BB531,Chemistry Entrance Tests,Chemistry
117937,Objective Chemistry Vol-I for Chemical Entrances CBSE AIPMT & all other National & Regional Examinations,Competitive Exams
97749,Objective english for competitive examinations,Competitive Exams
72315,John Webster The Duchess of Malfi,Computer Science
72312,John Webster The Duchess of Malfi,Computer Science
72316,John Webster The Duchess of Malfi,Computer Science
68133,Java 2 : The Complete Reference,Computer Science
102465,Electricity And Magnetism,Physics
102703,Business Statistics,Mathematics
102005,Sequences And Series,Mathematics
104381,Sequences and Series,Mathematics
42338,Text Book of Botany,Botany
109919,Naannool Sollathikaram,Tamil
115187,Sivagasinthamani Part-3,Tamil
111213,Java 2 : The Complete Reference (5th edition),Computer Science
64975,Sequences and Series,Mathematics
104378,Sequences and Series,Mathematics
98239,Calculus (Vol.3),Mathematics
113477,A Modern Approach to Verbal & Non-Verbal Reasoning,Competitive Exams
104398,Differential Equations and Applications,Mathematics
74488,Fundamentals Of Mathematical Statistics,Mathematics
70730,Essentials of Animal Physiology,Zoology
70734,Essentials of Animal Physiology,Zoology
104383,Sequences and Series,Mathematics
29709,Fundamendal Mathematical Statistics,Mathematics
130526,The 5 AM Club,General Knowledge/Self Help
92964,The complete sherlock holmes novels and stories,English
119881,Cell Biology and Molecular Biology,Chemistry
107158,Fundamentals of Mathematical Statistics,Mathematics
113667,"Partial Differencial Equations Methods, Applications and Theories",Mathematics
104590,Modern Inorganic Chemistry,Chemistry
122965,Engayum Eppothum ...,Tamil
95632,Principles of inorganic chemistry,Chemistry
86239,Sequences and Series,Mathematics
124427,The complete Reference - Java 2 (Fifth Edition),Computer Science
112529,Cell Biology-8th Revised Edition,Biology
86243,Sequences and Series,Mathematics
102000,Sequences And Series,Mathematics
94268,French made easy,English
104387,Sequences and Series,Mathematics
95207,Java 2 (The Complete Reference),Computer Science
86241,Sequences and Series,Mathematics
122100,A Modern Approach To Verbal & Non-Verbal  Reasoning,Competitive Exams
110323,Ithaliyal Kalai,Tamil
93060,Sequences and series and trigonometry,Mathematics
98241,Calculus (Vol.3),Mathematics
64975,Sequences and Series,Mathematics
110754,Arthur Miller : All My Sons,English
116400,The Complete Reference Java 2-5th Edition,Computer Science
111771,The Complete Reference Java 2 (9th Edition),Computer Science
70665,Animal Physiology,Zoology
104382,Sequences and Series,Mathematics
114955,Quantitative aptitude (fully Solved),Competitive Exams
99034,Fundamentals of mathematical statistics,Mathematics
101975,Differential Equations And Applications,Mathematics
102010,Sequences And Series,Mathematics
73994,Ezhavathu Poo (Malayala sirukathaigal),Tamil
88390,Vizhundha Natchaththiram,Tamil
39298,Animal Physiology,Zoology
118224,A Modern Approach to Verbal & Non-Verbal Reasoning,Competitive Exams
123970,The Complete Reference - JAVA 2-8th Edition,Computer Science
124426,The complete Reference - Java 2 (Fifth Edition),Computer Science
111775,The Complete Reference Java 2 (5th Edition),Computer Science
105827,The complete reference Java 2 [5th Edition],Computer Science
127259,Quantitative Aptitude for Competitive Examinations,Competitive Exams
101999,Sequences And Series,Mathematics
104384,Sequences and Series,Mathematics
101999,Sequences And Series,Mathematics
104386,Sequences and Series,Mathematics
119845,Animal Physiology,Zoology
119843,Animal Physiology,Zoology
55062,Fundamendals of Mathematical Statistics,Mathematics
102004,Sequences And Series,Mathematics
93243,Fundamentals of Mathematical Statistics,Mathematics
116131,Death of a Salesman,General Knowledge/Self Help
70737,Essentials of Animal Physiology,Zoology
120601,Puthumaipithan sirukathaikal part I,Tamil
116910,Java The Complete Reference (Eighth Edition),Computer Science
116113,Vogel's Qualitative Inorganic Analysis,Mathematics
120385,Ever Latest General Knowledge with Latest Data and Facts,General Knowledge/Self Help
95991,Electricity and magnetism,Physics
112529,Cell Biology-8th Revised Edition,Biology
90087,Differential Equations and Applications,Mathematics
83198,Calculus,Mathematics
86240,Sequences and Series,Mathematics
22398,Second World War  Their Finest Hour,General Knowledge/Self Help
111365,Allied Physics Paper I and II`,Physics
116908,Java The Complete Reference (Eighth Edition),Computer Science
116914,Java The Complete Reference (Eighth Edition),Computer Science
114921,Quantitative aptitude (fully Solved),Competitive Exams
115033,The complete Reference - Java 2 (Fifth Edition),Computer Science
98240,Calculus (Vol.3),Mathematics
86699,Sequences and Series And Fourier Series,Mathematics
101970,Differential Equations And Applications,Mathematics
109600,Calculus Volume I,Mathematics
104382,Sequences and Series,Mathematics
45768,Structure Computer Organizations,Computer Science
102448,The Duchess of Malfi,General Knowledge/Self Help
80993,Bryophyta-Part-III,Botany
70664,Animal Physiology,Zoology
70659,Animal Physiology,Zoology
97667,Verbal & Non verbal resoning,Competitive Exams
93382,A Modern Approach to Verbal & Non Verbal Reasoning,Competitive Exams
82568,Fundamentals of Mathematical Statistics,Mathematics
99033,Fundamentals of mathematical statistics,Mathematics
41009,Advanced Accountancy,BBA/Commerce
95630,Principles of inorganic chemistry,Chemistry
117937,Objective Chemistry Vol-I for Chemical Entrances CBSE AIPMT & all other National & Regional Examinations,Competitive Exams
104380,Sequences and Series,Mathematics
106743,A Modern Approach to Verbal & Non-verbal Reasoning,Competitive Exams
114144,Modern Inorganic Chemistry,Chemistry
106744,A Modern Approach to Verbal & Non-verbal Reasoning,Competitive Exams
121516,Electricity and Magnetism,Physics
87627,"Lectures on Physics (Vol.1) Mainly Mechanics,Radiation,and Heat",Physics
85383,Vaarisu,Tamil
114144,Modern Inorganic Chemistry,Chemistry
50029,Set Theory Number System and Theory of Equation,Mathematics
115187,Sivagasinthamani Part-3,Tamil
109919,Naannool Sollathikaram,Tamil
101397,Statistics -Theory and practice,Mathematics
102001,Sequences And Series,Mathematics
98253,Calculus (Vol.3),Mathematics
104405,Differential Equations and Applications,Mathematics
104398,Differential Equations and Applications,Mathematics
129226,Kanneerum Thanneerum,Tamil
76652,Rabindranathn  Tagore  Sirukathaigal,Tamil
68133,Java 2 : The Complete Reference,Computer Science
85773,A Modern Approaching Verbal & Non Verbal Reasoning,Competitive Exams
104381,Sequences and Series,Mathematics
102005,Sequences And Series,Mathematics
116113,Vogel's Qualitative Inorganic Analysis,Mathematics
47182,College Botany,Botany
130973,ThecPsychology of Money,General Knowledge/Self Help
80120,Ponniyin Selvan Part V,Tamil
104387,Sequences and Series,Mathematics
98239,Calculus (Vol.3),Mathematics
104378,Sequences and Series,Mathematics
74488,Fundamentals Of Mathematical Statistics,Mathematics
94294,Spoken English : A Foundation Course (part-1),English
70273,Kannyakumari,Tamil
35298,Valgavilirunthu Gangai Varai,Tamil
88129,Objective Enlish Grammar and Competitive Examination,Competitive Exams
117971,Quantitative Aptitude for Competitive  Exam,Competitive Exams
99034,Fundamentals of mathematical statistics,Mathematics
107041,SSC Combined Graduate Level Examinations,Competitive Exams
117703,The Feynman Lectures on Physics-vol-I,Physics
92964,The complete sherlock holmes novels and stories,English
130526,The 5 AM Club,General Knowledge/Self Help
104383,Sequences and Series,Mathematics
29709,Fundamendal Mathematical Statistics,Mathematics
87816,A Modern Approaching Verbal & Non Verbal Reasoning,Competitive Exams
102004,Sequences And Series,Mathematics
93243,Fundamentals of Mathematical Statistics,Mathematics
86241,Sequences and Series,Mathematics
86243,Sequences and Series,Mathematics
78184,Text Book of Statics,Mathematics
112526,Cell Biology-8th Revised Edition,Biology
121675,Quantitative Aptitude,Competitive Exams
107158,Fundamentals of Mathematical Statistics,Mathematics
113667,"Partial Differencial Equations Methods, Applications and Theories",Mathematics
93060,Sequences and series and trigonometry,Mathematics
122965,Engayum Eppothum ...,Tamil
98241,Calculus (Vol.3),Mathematics
64975,Sequences and Series,Mathematics
127336,A Basic Course in Real Analysis,Mathematics
111771,The Complete Reference Java 2 (9th Edition),Computer Science
119843,Animal Physiology,Zoology
72313,John Webster The Duchess of Malfi,Computer Science
72312,John Webster The Duchess of Malfi,Computer Science
72315,John Webster The Duchess of Malfi,Computer Science
116913,Java The Complete Reference (Eighth Edition),Computer Science
70737,Essentials of Animal Physiology,Zoology
119881,Cell Biology and Molecular Biology,Chemistry
99383,Meengal andrum indrum,Zoology
94055,Thoni,Tamil
26399,Fundamentals of Mathematical Statistcis,Mathematics
123970,The Complete Reference - JAVA 2-8th Edition,Computer Science
124426,The complete Reference - Java 2 (Fifth Edition),Computer Science
116910,Java The Complete Reference (Eighth Edition),Computer Science
113667,"Partial Differencial Equations Methods, Applications and Theories",Mathematics
111213,Java 2 : The Complete Reference (5th edition),Computer Science
101975,Differential Equations And Applications,Mathematics
102010,Sequences And Series,Mathematics
114955,Quantitative aptitude (fully Solved),Competitive Exams
104387,Sequences and Series,Mathematics
111365,Allied Physics Paper I and II`,Physics
111775,The Complete Reference Java 2 (5th Edition),Computer Science
105827,The complete reference Java 2 [5th Edition],Computer Science
45768,Structure Computer Organizations,Computer Science
128996,Asuran,Tamil
123971,The Complete Reference - JAVA 2-8th Edition,Computer Science
116914,Java The Complete Reference (Eighth Edition),Computer Science
105826,The complete reference Java 2 [5th Edition],Computer Science
78935,The Complete Reference - JAVA 2 ( Fifth Edition),Computer Science
102000,Sequences And Series,Mathematics
125984,RRB Non-Technical Popular Categories,Competitive Exams
118224,A Modern Approach to Verbal & Non-Verbal Reasoning,Competitive Exams
122100,A Modern Approach To Verbal & Non-Verbal  Reasoning,Competitive Exams
101970,Differential Equations And Applications,Mathematics
104382,Sequences and Series,Mathematics
109600,Calculus Volume I,Mathematics
123720,Principles of Real Analysis-3rd Edition,Mathematics
104384,Sequences and Series,Mathematics
101999,Sequences And Series,Mathematics
39298,Animal Physiology,Zoology
116911,Java The Complete Reference (Eighth Edition),Computer Science
47290,Problems on Mathematical Statistics,Mathematics
82568,Fundamentals of Mathematical Statistics,Mathematics
95630,Principles of inorganic chemistry,Chemistry
95669,Electricity and magnetism,Physics
110754,Arthur Miller : All My Sons,English
99033,Fundamentals of mathematical statistics,Mathematics
86267,Delhi is not far,English
116131,Death of a Salesman,General Knowledge/Self Help
95632,Principles of inorganic chemistry,Chemistry
93382,A Modern Approach to Verbal & Non Verbal Reasoning,Competitive Exams
117972,A Modern Approach To Verbal & Non-Verbal  Reasoning,Competitive Exams
109919,Naannool Sollathikaram,Tamil
115187,Sivagasinthamani Part-3,Tamil
101997,Sequences And Series,Mathematics
86240,Sequences and Series,Mathematics
102001,Sequences And Series,Mathematics
104405,Differential Equations and Applications,Mathematics
98253,Calculus (Vol.3),Mathematics
95991,Electricity and magnetism,Physics
130502,TNPSC Group IV & VAO Exam,Competitive Exams
124427,The complete Reference - Java 2 (Fifth Edition),Computer Science
102004,Sequences And Series,Mathematics
102005,Sequences And Series,Mathematics
104381,Sequences and Series,Mathematics
64975,Sequences and Series,Mathematics
80993,Bryophyta-Part-III,Botany
39298,Animal Physiology,Zoology
70664,Animal Physiology,Zoology
104386,Sequences and Series,Mathematics
93060,Sequences and series and trigonometry,Mathematics
107158,Fundamentals of Mathematical Statistics,Mathematics
104398,Differential Equations and Applications,Mathematics
98240,Calculus (Vol.3),Mathematics
86699,Sequences and Series And Fourier Series,Mathematics
74488,Fundamentals Of Mathematical Statistics,Mathematics
107042,SSC Combined Graduate Level Examinations,Competitive Exams
62561,Differential Equations and Applications,Mathematics
122060,Calculus Vol-III,Mathematics
122060,Calculus Vol-III,Mathematics
64975,Sequences and Series,Mathematics
98241,Calculus (Vol.3),Mathematics
98239,Calculus (Vol.3),Mathematics
127336,A Basic Course in Real Analysis,Mathematics
104378,Sequences and Series,Mathematics
119843,Animal Physiology,Zoology
119845,Animal Physiology,Zoology
130965,General Knowledge 2024,General Knowledge/Self Help
130573,Quantitative Aptitude,Competitive Exams
92964,The complete sherlock holmes novels and stories,English
130526,The 5 AM Club,General Knowledge/Self Help
80256,Electricity And Magnetism,Physics
116913,Java The Complete Reference (Eighth Edition),Computer Science
124426,The complete Reference - Java 2 (Fifth Edition),Computer Science
123970,The Complete Reference - JAVA 2-8th Edition,Computer Science
68133,Java 2 : The Complete Reference,Computer Science
116910,Java The Complete Reference (Eighth Edition),Computer Science
101726,Electricity And Magnetism,Physics
104383,Sequences and Series,Mathematics
29709,Fundamendal Mathematical Statistics,Mathematics
86239,Sequences and Series,Mathematics
117130,The Diary Of a Young Girl,English
101397,Statistics -Theory and practice,Mathematics
112198,Quantitative aptitude (fully Solved),Competitive Exams
86243,Sequences and Series,Mathematics
130670,General knowledge 2024,General Knowledge/Self Help
68720,Fundamendals of Mathematical Statistics,Mathematics
113477,A Modern Approach to Verbal & Non-Verbal Reasoning,Competitive Exams
114955,Quantitative aptitude (fully Solved),Competitive Exams
101975,Differential Equations And Applications,Mathematics
102010,Sequences And Series,Mathematics
95207,Java 2 (The Complete Reference),Computer Science
130965,General Knowledge 2024,General Knowledge/Self Help
128996,Asuran,Tamil
111213,Java 2 : The Complete Reference (5th edition),Computer Science
118512,Nannool : Eluthathigaram,Tamil
57801,Instant Synonyms and Antonyms,Competitive Exams
121675,Quantitative Aptitude,Competitive Exams
93243,Fundamentals of Mathematical Statistics,Mathematics
49917,All my Sons,English
117971,Quantitative Aptitude for Competitive  Exam,Competitive Exams
99034,Fundamentals of mathematical statistics,Mathematics
97758,The Feynman Lectures on physics (Vol. 2),Physics
104380,Sequences and Series,Mathematics
116400,The Complete Reference Java 2-5th Edition,Computer Science
130561,SSC Multi Tasking Staff (Non-Technical) Havaldar (CBIC & CBN),Competitive Exams
97667,Verbal & Non verbal resoning,Competitive Exams
90087,Differential Equations and Applications,Mathematics
83198,Calculus,Mathematics
86240,Sequences and Series,Mathematics
26399,Fundamentals of Mathematical Statistcis,Mathematics
92160,Textbook of Inorganic Chemistry,Chemistry
62315,Paradise Lost,English
86241,Sequences and Series,Mathematics
50234,Advanced Accountancy,BBA/Commerce
109600,Calculus Volume I,Mathematics
101970,Differential Equations And Applications,Mathematics
102001,Sequences And Series,Mathematics
98253,Calculus (Vol.3),Mathematics
104405,Differential Equations and Applications,Mathematics
82568,Fundamentals of Mathematical Statistics,Mathematics
72314,John Webster The Duchess of Malfi,Computer Science
81119,Contemporary English Grammar Structures and Composition,English
102000,Sequences And Series,Mathematics
123971,The Complete Reference - JAVA 2-8th Edition,Computer Science
116911,Java The Complete Reference (Eighth Edition),Computer Science
70737,Essentials of Animal Physiology,Zoology
64975,Sequences and Series,Mathematics
115187,Sivagasinthamani Part-3,Tamil
109919,Naannool Sollathikaram,Tamil
101397,Statistics -Theory and practice,Mathematics
74488,Fundamentals Of Mathematical Statistics,Mathematics
104382,Sequences and Series,Mathematics
102007,Sequences And Series,Mathematics
115033,The complete Reference - Java 2 (Fifth Edition),Computer Science
102007,Sequences And Series,Mathematics
130973,ThecPsychology of Money,General Knowledge/Self Help
80993,Bryophyta-Part-III,Botany
70664,Animal Physiology,Zoology
105827,The complete reference Java 2 [5th Edition],Computer Science
99033,Fundamentals of mathematical statistics,Mathematics
104386,Sequences and Series,Mathematics
104384,Sequences and Series,Mathematics
101999,Sequences And Series,Mathematics
95630,Principles of inorganic chemistry,Chemistry
93382,A Modern Approach to Verbal & Non Verbal Reasoning,Competitive Exams
119762,Electricity And Magnetism,Physics
111775,The Complete Reference Java 2 (5th Edition),Computer Science
106743,A Modern Approach to Verbal & Non-verbal Reasoning,Competitive Exams
95632,Principles of inorganic chemistry,Chemistry
122100,A Modern Approach To Verbal & Non-Verbal  Reasoning,Competitive Exams
123970,The Complete Reference - JAVA 2-8th Edition,Computer Science
124426,The complete Reference - Java 2 (Fifth Edition),Computer Science
92816,The Complete Reference - JAVA 2 ( Fifth Edition),Computer Science
72312,John Webster The Duchess of Malfi,Computer Science
72315,John Webster The Duchess of Malfi,Computer Science
98241,Calculus (Vol.3),Mathematics
127336,A Basic Course in Real Analysis,Mathematics
64975,Sequences and Series,Mathematics
107158,Fundamentals of Mathematical Statistics,Mathematics
93060,Sequences and series and trigonometry,Mathematics
98240,Calculus (Vol.3),Mathematics
104398,Differential Equations and Applications,Mathematics
86699,Sequences and Series And Fourier Series,Mathematics
101975,Differential Equations And Applications,Mathematics
102010,Sequences And Series,Mathematics
104382,Sequences and Series,Mathematics
109600,Calculus Volume I,Mathematics
82508,Real Analysis-Third Edition,Mathematics
29709,Fundamendal Mathematical Statistics,Mathematics
119843,Animal Physiology,Zoology
39298,Animal Physiology,Zoology
90131,Sequences and Series and Fourier Series,Mathematics
90126,Sequences and Series and Fourier Series,Mathematics
111324,Numerical Ability,Mathematics
125984,RRB Non-Technical Popular Categories,Competitive Exams
76482,Java  The  Complete Reference J2SE 5 Edition,Computer Science
130526,The 5 AM Club,General Knowledge/Self Help
92964,The complete sherlock holmes novels and stories,English
104383,Sequences and Series,Mathematics
104387,Sequences and Series,Mathematics
111365,Allied Physics Paper I and II`,Physics
93243,Fundamentals of Mathematical Statistics,Mathematics
116131,Death of a Salesman,General Knowledge/Self Help
122600,Mock Tests for Civil Services Preliminary Examination (Second Edition),Competitive Exams
112198,Quantitative aptitude (fully Solved),Competitive Exams
114955,Quantitative aptitude (fully Solved),Competitive Exams
99524,Real analysis,Mathematics
99034,Fundamentals of mathematical statistics,Mathematics
105826,The complete reference Java 2 [5th Edition],Computer Science
119845,Animal Physiology,Zoology
118224,A Modern Approach to Verbal & Non-Verbal Reasoning,Competitive Exams
87627,"Lectures on Physics (Vol.1) Mainly Mechanics,Radiation,and Heat",Physics
115187,Sivagasinthamani Part-3,Tamil
116326,How to Prepare Quantitative Aptitude for the CAT,Competitive Exams
80276,Non-Conventional Energy Sources,Physics
84862,Objective General English,Competitive Exams
90129,Sequences and Series and Fourier Series,Mathematics
113477,A Modern Approach to Verbal & Non-Verbal Reasoning,Competitive Exams
117971,Quantitative Aptitude for Competitive  Exam,Competitive Exams
101970,Differential Equations And Applications,Mathematics
109919,Naannool Sollathikaram,Tamil
110754,Arthur Miller : All My Sons,English
90127,Sequences and Series and Fourier Series,Mathematics
94055,Thoni,Tamil
114498,Introduction to real analysis,Mathematics
83198,Calculus,Mathematics
86240,Sequences and Series,Mathematics
90087,Differential Equations and Applications,Mathematics
94335,Spoken English : A Foundation Course (part-1),English
125750,English Vocabulary in Use Upper-intermediate,English
116911,Java The Complete Reference (Eighth Edition),Computer Science
68133,Java 2 : The Complete Reference,Computer Science
107038,SSC Combined Graduate Level Examinations,Competitive Exams
105758,The Alchemist Ben Jonson,English
90130,Sequences and Series and Fourier Series,Mathematics
90133,Sequences and Series and Fourier Series,Mathematics
111213,Java 2 : The Complete Reference (5th edition),Computer Science
87782,The Feynman Lecturers on Physics (vol : 2),Physics
62760,Quantitative Aptitude for Competitive Examinations,Competitive Exams
116910,Java The Complete Reference (Eighth Edition),Computer Science
63695,Sequences and Series,Mathematics
86243,Sequences and Series,Mathematics
102000,Sequences And Series,Mathematics
74488,Fundamentals Of Mathematical Statistics,Mathematics
112526,Cell Biology-8th Revised Edition,Biology
116913,Java The Complete Reference (Eighth Edition),Computer Science
112306,Emma,English
116908,Java The Complete Reference (Eighth Edition),Computer Science
130938,How to Stop Worrying And Start Living,General Knowledge/Self Help
121675,Quantitative Aptitude,Competitive Exams
57801,Instant Synonyms and Antonyms,Competitive Exams
82568,Fundamentals of Mathematical Statistics,Mathematics
86697,sequencesand series Trigonometry,Mathematics
98253,Calculus (Vol.3),Mathematics
102001,Sequences And Series,Mathematics
104405,Differential Equations and Applications,Mathematics
121674,Quantitative Aptitude,Competitive Exams
104677,Reasoning and Aptitude Test,Competitive Exams
102007,Sequences And Series,Mathematics
86241,Sequences and Series,Mathematics
117130,The Diary Of a Young Girl,English
116400,The Complete Reference Java 2-5th Edition,Computer Science
116914,Java The Complete Reference (Eighth Edition),Computer Science
130650,Advanced Accounts Vol-II,BBA/Commerce
106744,A Modern Approach to Verbal & Non-verbal Reasoning,Competitive Exams
123971,The Complete Reference - JAVA 2-8th Edition,Computer Science
111775,The Complete Reference Java 2 (5th Edition),Computer Science
72311,John Webster The Duchess of Malfi,Computer Science
124427,The complete Reference - Java 2 (Fifth Edition),Computer Science
92160,Textbook of Inorganic Chemistry,Chemistry
95630,Principles of inorganic chemistry,Chemistry
104384,Sequences and Series,Mathematics
104386,Sequences and Series,Mathematics
95632,Principles of inorganic chemistry,Chemistry
68489,Electricity and Magnetism,Physics
62561,Differential Equations and Applications,Mathematics
122060,Calculus Vol-III,Mathematics
101997,Sequences And Series,Mathematics
105827,The complete reference Java 2 [5th Edition],Computer Science
101999,Sequences And Series,Mathematics
99033,Fundamentals of mathematical statistics,Mathematics
97667,Verbal & Non verbal resoning,Competitive Exams
122099,A Modern Approach To Verbal & Non-Verbal  Reasoning,Competitive Exams
109598,Calculus Volume I,Mathematics
121516,Electricity and Magnetism,Physics
127282,Amarar Kalki-in-Sirukathigal-II,Tamil
130573,Quantitative Aptitude,Competitive Exams
80993,Bryophyta-Part-III,Botany
70664,Animal Physiology,Zoology
80903,Animal Physiology,Zoology
86267,Delhi is not far,English
86239,Sequences and Series,Mathematics
119700,Sequences and Series,Mathematics
116199,Please! Enthap Puthagathai Vankathinga!,Tamil
98239,Calculus (Vol.3),Mathematics
104378,Sequences and Series,Mathematics
72316,John Webster The Duchess of Malfi,Computer Science
118225,Quantitative Aptitude And Reasoning-2nd Edition,Competitive Exams
26399,Fundamentals of Mathematical Statistcis,Mathematics
123720,Principles of Real Analysis-3rd Edition,Mathematics
131044,Quantitative  aptitude Vol-2,Competitive Exams
104380,Sequences and Series,Mathematics
116907,Java The Complete Reference (Eighth Edition),Computer Science
95207,Java 2 (The Complete Reference),Computer Science
98207,Java 2 The  Complete reference,Computer Science
91921,The Complete Reference Java 2 (5th Edition),Computer Science
105289,The Complete Reference Java2(Vth Edition),Computer Science
119281,Elements of Mercantile Law,BBA/Commerce
110299,Genetics,Biology
107169,Elements of Mercantile Law,BBA/Commerce
124197,Corporate   Accounting,BBA/Commerce
119762,Electricity And Magnetism,Physics
46092,Yoga Philosophy of Palanjali,General Knowledge/Self Help
122947,Viduthalaiku Vithitta Thiyaga Deepangal,Tamil
56807,Merke Oru Kutram,Tamil
119881,Cell Biology and Molecular Biology,Chemistry
80256,Electricity And Magnetism,Physics
115033,The complete Reference - Java 2 (Fifth Edition),Computer Science
95669,Electricity and magnetism,Physics
35298,Valgavilirunthu Gangai Varai,Tamil
108143,Viduthalai vilviyil tamizhagam Vol.I,Tamil
118285,Littke Women,English
81119,Contemporary English Grammar Structures and Composition,English
27841,All my Sons,English
55062,Fundamendals of Mathematical Statistics,Mathematics
101726,Electricity And Magnetism,Physics
80257,Electricity And Magnetism,Physics
130561,SSC Multi Tasking Staff (Non-Technical) Havaldar (CBIC & CBN),Competitive Exams
49917,All my Sons,English
116915,Java The Complete Reference (Eighth Edition),Computer Science
73744,Java2 Complete Reference,Computer Science
87778,The Complete  Reference Java 2,Computer Science
78935,The Complete Reference - JAVA 2 ( Fifth Edition),Computer Science
101798,The Mayor of Casterbridge,English
72313,John Webster The Duchess of Malfi,Computer Science
102800,The Complete Reference Java 2 (5th edition),Computer Science
111771,The Complete Reference Java 2 (9th Edition),Computer Science
70737,Essentials of Animal Physiology,Zoology
123969,The Complete Reference - JAVA 2-8th Edition,Computer Science
116398,The Complete Reference Java 2-5th Edition,Computer Science
106743,A Modern Approach to Verbal & Non-verbal Reasoning,Competitive Exams
104385,Sequences and Series,Mathematics
42338,Text Book of Botany,Botany
122795,LexisNexis Guide to IBPS Bank Clerk for Main Examination-3rd Edition,Competitive Exams
119846,Animal Physiology,Zoology
63268,Essentials of Animal Physiology,Zoology
75995,Animal Physiology,Zoology
80902,Animal Physiology,Zoology
128996,Asuran,Tamil
116909,Java The Complete Reference (Eighth Edition),Computer Science
125108,Cell Biology,Biology
118512,Nannool : Eluthathigaram,Tamil
72314,John Webster The Duchess of Malfi,Computer Science
102448,The Duchess of Malfi,General Knowledge/Self Help
80120,Ponniyin Selvan Part V,Tamil
127259,Quantitative Aptitude for Competitive Examinations,Competitive Exams
70662,Animal Physiology,Zoology
54566,Botany for Degree Students. Gymnosperms.,Botany
58193,Animal Physiology,Zoology
103590,Botany for degree students pteridophyta,Botany
65157,Yavana Rani,Tamil
97498,Vibrant health in the  twenty-first century,General Knowledge/Self Help
48137,Psychology,General Knowledge/Self Help
116912,Java The Complete Reference (Eighth Edition),Computer Science
95208,"Java 2 (The Complete Reference), 5th edition",Computer Science
108780,Periyapuranam,Tamil
83895,Programming with Java a Primer,Computer Science
130965,General Knowledge 2024,General Knowledge/Self Help
124472,Programming with Java A Primer-4th Edition,Computer Science
101469,Programming With Java,Computer Science
115292,Tamil Ilakkia Varalaru,Tamil
121845,Reasoning Verbal & Non-verbal,Competitive Exams
130946,IKIGAI The Japanese Secret to a Long and Happy Life,General Knowledge/Self Help
130968,"Thinking, Fast and Slow",General Knowledge/Self Help
125375,The Complete Reference Java 2-5th Edition,Computer Science
87778,The Complete  Reference Java 2,Computer Science
130968,"Thinking, Fast and Slow",General Knowledge/Self Help
110180,Financial Management,BBA/Commerce
123986,"Numerical Methods in Engineering & Science with Programs in C,C++ & Matlab",Computer Science
101469,Programming With Java,Computer Science
124472,Programming with Java A Primer-4th Edition,Computer Science
130968,"Thinking, Fast and Slow",General Knowledge/Self Help
118549,The Alchemist,English
124472,Programming with Java A Primer-4th Edition,Computer Science
101469,Programming With Java,Computer Science
111825,Management Accounting,BBA/Commerce
27961,Marginal Costing,BBA/Commerce
123986,"Numerical Methods in Engineering & Science with Programs in C,C++ & Matlab",Computer Science
118549,The Alchemist,English
123986,"Numerical Methods in Engineering & Science with Programs in C,C++ & Matlab",Computer Science
101469,Programming With Java,Computer Science
124472,Programming with Java A Primer-4th Edition,Computer Science
946,Browning,English
105758,The Alchemist Ben Jonson,English
53835,Seevagashinthamani,Tamil
92379,Chess Openings Grruenfeld Defence+7,General Knowledge/Self Help
107553,The Power of the Possible,General Knowledge/Self Help
122040,The Greatest Salesman In The World,General Knowledge/Self Help
101469,Programming With Java,Computer Science
123986,"Numerical Methods in Engineering & Science with Programs in C,C++ & Matlab",Computer Science
124472,Programming with Java A Primer-4th Edition,Computer Science
130903,Forensic Science In Crime Investigation,Forensic Science
129679,Think and grow rich,General Knowledge/Self Help
114719,Who Moved My Cheese ,General Knowledge/Self Help
103188,The Power of Positive Thinking,General Knowledge/Self Help
130903,Forensic Science In Crime Investigation,Forensic Science
117988,The Secret,General Knowledge/Self Help
103188,The Power of Positive Thinking,General Knowledge/Self Help
124472,Programming with Java A Primer-4th Edition,Computer Science
129679,Think and grow rich,General Knowledge/Self Help
101469,Programming With Java,Computer Science
123986,"Numerical Methods in Engineering & Science with Programs in C,C++ & Matlab",Computer Science
115960,Quantitative Aptitude for Competitive  Exam As per new exam pattern,Competitive Exams
92379,Chess Openings Grruenfeld Defence+7,General Knowledge/Self Help
83895,Programming with Java a Primer,Computer Science
116912,Java The Complete Reference (Eighth Edition),Computer Science
